date,symbol,revenuePerShare,netIncomePerShare,operatingCashFlowPerShare,freeCashFlowPerShare,cashPerShare,bookValuePerShare,tangibleBookValuePerShare,shareholdersEquityPerShare,interestDebtPerShare,marketCap,enterpriseValue,peRatio,priceToSalesRatio,pocfratio,pfcfRatio,pbRatio,ptbRatio,evToSales,enterpriseValueOverEBITDA,evToOperatingCashFlow,evToFreeCashFlow,earningsYield,freeCashFlowYield,debtToEquity,debtToAssets,netDebtToEBITDA,currentRatio,interestCoverage,incomeQuality,dividendYield,payoutRatio,salesGeneralAndAdministrativeToRevenue,researchAndDdevelopementToRevenue,intangiblesToTotalAssets,capexToOperatingCashFlow,capexToRevenue,capexToDepreciation,stockBasedCompensationToRevenue,grahamNumber,roic,returnOnTangibleAssets,grahamNetNet,workingCapital,tangibleAssetValue,netCurrentAssetValue,investedCapital,averageReceivables,averagePayables,averageInventory,daysSalesOutstanding,daysPayablesOutstanding,daysOfInventoryOnHand,receivablesTurnover,payablesTurnover,inventoryTurnover,roe,capexPerShare
2020-03-31,AMZN,151.51004016064257,5.090361445783133,6.152610441767068,-7.491967871485944,54.62048192771084,131.06827309236948,414.6566265060241,131.06827309236948,47.869477911646584,1232052000000.0,1228288000000.0,486.0165680473373,16.32895085617346,402.10574412532634,-330.22031626909677,18.875658781713444,18.875658781713444,16.279064835922174,131.35365201582718,400.87728459530024,-329.2114714553739,0.0020575430257813794,-0.003028281273842338,2.3894778771908323,0.7049693090698704,-0.4025237942466046,1.0787093374816525,8.41542288557214,1.2086785009861933,,0,0.06398770078990616,0.12358850660022266,0.06662056247118488,0.45091979396615156,11.104047093451067,0.7891096394407653,0.02328632773153793,122.5220792044535,0.02390356610399429,0.012276088504060553,-168.4106425702811,6274000000,50533000000,-69981000000,,19326000000,43619500000,19677000000,86.28187456926258,330.35316447115713,155.51901394129743,4.230320699708455,1.1048781705612143,2.346979901362889,0.03883748008334355,13.644578313253012
2019-12-31,AMZN,176.99595141700405,6.615384615384615,39.79554655870445,29.04251012145749,73.06072874493927,125.62753036437248,455.9377449392713,125.62753036437248,48.31781376518219,924115920000.0,911437920000.0,282.7772093023256,10.56905530902603,47.00726995269343,64.41178783020841,14.890685143409604,14.890685143409604,10.424057825152111,90.69936511095631,46.36237448496872,63.52811877047466,0.00353635288525275,0.015525108581616038,2.6295198195294875,0.7244814604347208,-1.2616180714498955,1.0970482394205803,8.907692307692308,6.015605875152999,,0,7.057733656617411e-05,0.11139576375863489,6.550113652507458e-05,3.7008659638554215,16.460090361445783,1.1615210843373494,0.02104396358479345,136.74492572643325,0.029490089932768707,0.014509403287647863,-166.61234817813767,8522000000,62045246000,-66854000000,,20816000000,47183000000,20497000000,86.89601537124297,319.05802471423016,138.60357189173166,4.200422751729439,1.1439925396859039,2.633409767283017,0.052658717370286816,10.753036437246964
2019-09-30,AMZN,141.95131845841786,4.328600405679513,16.00811359026369,6.480730223123732,47.17038539553752,114.62068965517241,373.9655172413793,114.62068965517241,46.385395537525355,877535070000.0,876752070000.0,411.2160590440488,12.539439713069074,111.19298910288902,274.6588638497653,15.529395306859206,15.529395306859206,12.528251121717012,100.53343309253526,111.09377470856563,274.41379342723,0.002431811642581988,0.0036408801302949636,2.5233772209244707,0.7161813971943606,-0.08978328173374613,1.095902184762116,6.646464646464646,3.6982193064667293,,0,0.06790317510216913,0.13146237603955302,0.07400338525055375,1.680221417926336,14.899297423887587,1.1843730040451352,0.025420822497213568,105.65657189292348,0.02073044902845711,0.011574865077427929,-156.47413793103448,6918000000,41774000000,-63537000000,,18851500000,41488500000,19631500000,88.07629104626903,316.32390683259894,165.84160573337854,4.1441345413631785,1.1538805386377604,2.2008952360652243,0.037764564309478305,9.52738336713996
2019-06-30,AMZN,128.869918699187,5.335365853658536,18.53048780487805,11.290650406504065,45.96747967479675,107.84756097560975,358.9918699186992,107.84756097560975,48.19512195121951,934076760000.0,934789760000.0,355.8387657142857,14.73214245158034,102.45439947351102,168.1506318631863,17.603828800814156,17.603828800814156,14.743387798877043,112.81556360125514,102.53260502358232,168.27898469846986,0.002810261546385117,0.005947048720064505,2.6062456418084845,0.7227033043987228,0.08604875693941588,1.1020695197910388,7.545691906005222,3.4731428571428573,,0,0.06767711816289193,0.14295628036086053,0.07696327690997173,2.5595171252105557,17.80011229646266,1.4604154969118472,0.031086366790738753,113.78330004955282,0.023752188242255882,0.014862079898541535,-152.39176829268294,7112000000,38334000000,-61500000000,,18781500000,41623000000,19538500000,96.40803419342629,362.2477089468035,186.6334590087239,3.7859915208694095,1.007597814934975,1.9557050592034446,0.049471363148074855,7.239837398373984
2019-03-31,AMZN,121.58859470468431,7.2525458248472505,3.759674134419552,-2.9409368635437882,47.07739307535642,98.59470468431772,332.7780040733198,98.59470468431772,48.24439918533605,945921320000.0,946128320000.0,265.6336197697276,15.844578224455612,512.416749729144,-655.0701662049861,19.53979177855815,19.53979177855815,15.848045561139028,102.0194436057796,512.5288840736728,-655.2135180055402,0.003764583718231449,-0.0015265540267133423,2.679033257591407,0.7281894644641834,0.02232046581841708,1.0900541643771096,12.024590163934427,0.5183937096321258,,0,0.06137353433835846,0.13278056951423786,0.08258189127578579,0.5610942249240122,18.145896656534955,1.4753799392097264,0.021340033500837522,126.84206246640608,0.03846792591362417,0.021793945922126884,-147.60030549898167,5736000000,33702000000,-60261000000,,18397500000,39496000000,18464500000,97.69405360134003,342.28434551886795,176.8183962264151,3.7361537017335253,1.066364865289698,2.0642648490749758,0.07355918198719273,6.70061099796334
2018-12-31,AMZN,148.63039014373717,6.215605749486653,33.83367556468173,26.166324435318277,65.19507186858316,89.42299794661191,304.10677618069815,89.42299794661191,49.03901437371663,813499410000.0,805244410000.0,268.7477403369673,11.23881864526201,49.37181586453845,63.838924115200506,18.68009391719672,18.68009391719672,11.124772529461337,100.0552199304175,48.87081446865327,63.191117476261475,0.003720961518583031,0.015664424390916275,2.734827435762015,0.732250012296493,-1.025720675944334,1.098112324721089,8.656330749354005,5.443343244136108,,0,0.06786123813602642,0.1059502921956813,0.08944469037430525,4.412694161756829,19.38484199250134,1.1414033208355652,0.019576419877595567,111.82981379712263,0.03554112691895562,0.020438892640108036,-116.53850102669405,6710000000,29001000000,-43998000000,,18746500000,42687500000,18835500000,84.0957821587942,311.2597686777118,139.9658375385165,4.340289020807099,1.1726539589442815,2.6077792011179692,0.06950791062940595,7.66735112936345
2018-09-30,AMZN,116.41152263374485,5.932098765432099,17.670781893004115,-2.2736625514403292,42.02674897119341,80.50411522633745,265.724279835391,80.50411522633745,51.52469135802469,743784120000.0,748043120000.0,257.9896357960458,13.146636736425341,86.60737307871449,-673.1078009049774,19.01045674121406,19.01045674121406,13.22191600678733,99.7124926686217,87.10329762459246,-676.9620995475113,0.0038761247013447933,-0.0014856461307617055,2.6727156549520767,0.7277219109920318,0.5677152759264196,1.0824416166582316,9.49859943977591,2.97884148456469,,0,0.058363970588235295,0.12659078054298642,0.10127701033438881,0.8860002063344682,5.83678943567523,0.38976581037862373,0.02386170814479638,103.6583964630608,0.038372316710232994,0.022324263214136376,-115.5977366255144,4561000000,24572000000,-44685000000,,17537000000,39043500000,18179500000,91.98547087104072,341.7858982516741,175.42738538920705,3.9680179548323746,1.0679200103546467,2.080632959273736,0.07368690095846646,19.944444444444443
2018-06-30,AMZN,109.04329896907217,5.224742268041237,15.358762886597939,15.358762886597939,40.87216494845361,72.15463917525773,247.7443298969072,72.15463917525773,51.50721649484536,862921700000.0,867736700000.0,340.53737174427783,16.316637673486365,115.84396563297086,115.84396563297086,24.658428346906703,24.658428346906703,16.40768256249291,131.1969609918355,116.4903611222983,116.4903611222983,0.0029365352615422697,0.008632301169387674,2.8319759965709386,0.7390380313199105,0.7280012095554883,1.072439518907108,7.591836734693878,2.9396211523283347,,0,0.05485383655409749,0.13703059410808152,0.1039821029082774,2.2969472710453283,16.307739747147703,1.1193339500462536,0.027776727300230685,92.0991929688868,0.03126087948234672,0.021089250640833584,-113.78917525773196,3680000000,21051000000,-44624000000,,16711500000,37420000000,17660500000,87.00894376583594,329.55095978062155,176.63750326455994,4.19497104783057,1.1075677043786383,2.066378845116028,0.07241034433490498,6.68659793814433
2018-03-31,AMZN,105.45867768595042,3.365702479338843,-3.700413223140496,-3.700413223140496,34.45454545454545,65.00619834710744,233.41735537190084,65.00619834710744,51.59090909090909,758006920000.0,765970920000.0,465.32039287906696,14.850650836565965,-423.23111111111115,-423.2311111111111,24.092010297810127,24.092010297810127,15.00667920536029,136.82938906752412,-427.6777889447236,-427.6777889447236,0.0021490568977919093,-0.0023627752633181764,3.0162095159393574,0.7510090058720185,1.4226509467667023,1.0579456759288168,5.806060606060606,-1.0994475138121547,,0,0.052878022021080676,0.13242035970377336,0.1059495734477137,-0.578114912846998,16.47579083279535,1.184958037443512,0.023157399788409545,70.16273417105532,0.024464675613212968,0.014419246906367837,-111.56301652892562,2784000000,18075000000,-44070000000,,16421000000,36177500000,17168500000,85.99760981152777,298.9354156499105,164.359850333496,4.244304007982704,1.2209995232798347,2.2207369942196533,0.05177510091218256,6.400826446280992
2017-12-31,AMZN,125.94375,3.86875,25.716666666666665,25.716666666666665,42.75416666666667,57.72708333333333,245.75,57.72708333333333,52.25208333333333,690153600000.0,694374600000.0,371.6497576736672,11.416366433427621,55.9100453661698,55.9100453661698,24.907199826771084,24.907199826771084,11.486189271003921,123.44437333333333,56.25199287103046,56.25199287103046,0.0026907053734125273,0.01788587352148855,3.7388935003067596,0.788980275683497,0.7504,1.039977195376881,5.535502958579881,6.647280560043081,,0,0.056903710320414205,0.10444477527996957,0.10166780900159927,2.5023312385972023,12.254814514494223,0.7091019663490776,0.01950275420574661,70.88696782223973,0.025481090062238684,0.01574262461851475,-113.996875,2314000000,14359000000,-43404000000,,16990000000,40899500000,18272000000,79.48091906108878,328.22028834913624,152.15365631900247,4.592297174111212,1.112058007857638,2.3988907583972083,0.06701793641055252,10.277083333333334
2017-09-30,AMZN,91.32359081419624,0.5323590814196242,8.039665970772443,8.039665970772443,26.653444676409187,51.478079331941544,212.93528183716074,51.478079331941544,52.062630480167016,532097149999.99994,544040149999.99994,2086.6554901960785,12.163888761887344,138.1711633341989,138.1711633341989,21.57908792278368,21.57908792278368,12.436909061814191,166.93468855477138,141.27243573097894,141.27243573097894,0.0004792357936891788,0.007237400162733442,3.6746289236758862,0.7860792768094945,3.664621049401657,1.0319935418082937,1.3903508771929824,15.101960784313725,,0,0.05667062911485004,0.13585863204096563,0.11513269192396783,1.4477443609022556,16.445112781954887,1.0947368421052632,0.02478054133138259,24.831603212317486,0.004648434635970379,0.0025000980430605123,-107.56941544885177,1506000000,11387000000,-42031000000,,15686500000,36629000000,17104000000,88.0876234455011,345.48333817337016,181.66527515609118,4.143601401913422,1.0564908916586768,2.0091897016993654,0.010341471327763809,5.553235908141962
2017-06-30,AMZN,79.40376569037657,0.4121338912133891,8.010460251046025,11.903765690376568,27.62133891213389,48.56485355648535,174.7426778242678,48.56485355648535,16.372384937238493,487579120000.0,482059120000.0,2475.0209137055836,12.84624212883678,127.33850091407677,85.69053075571178,21.003666752821573,21.003666752821573,12.700806744829404,147.87089570552146,125.89687124575607,84.72040773286467,0.00040403698993508993,0.011669900876805389,2.7813819247006117,0.735546416650528,-1.6932515337423313,1.0120187561697926,4.65034965034965,19.436548223350254,,0,0.05875378737979186,0.14622579370306943,0.048461512172337975,-2.0574959699086515,-20.39494895217625,-1.414830736163353,0.03056250823343433,21.22127462312198,0.014070798332663295,0.0023585188023034468,-65.5366108786611,487000000,18960000000,-23560000000,,14431000000,34311000000,16003500000,77.3755763404031,333.68449106647904,179.1458786405697,4.7172508078548345,1.093847660805075,2.0374456993918333,0.008486258292409753,-3.8933054393305437
2017-03-31,AMZN,74.87211740041928,1.5178197064989518,-3.3333333333333335,-7.234800838574423,32.36897274633124,45.43815513626834,161.73165618448638,45.43815513626834,16.41509433962264,441220230000.0,433471230000.0,609.4202071823204,12.354265274122193,-277.497,-127.85286293827876,20.35712051305712,20.35712051305712,12.137291538332306,126.0090784883721,-272.62341509433963,-125.60742683280209,0.0016409039086897716,-0.007821490868630388,2.7357663560025838,0.7323173066235226,-2.2526162790697675,1.0551084253589669,6.856115107913669,-2.196132596685083,,0,0.05376043008344067,0.13476507812062496,0.04721560103249392,-0.8543793659322945,19.190757657173563,1.30843632455669,0.022176177409419275,39.39233255454232,0.021872848290107872,0.009384802841365723,-56.535115303983225,2061000000,17851000000,-19835000000,,14072500000,33037000000,15548500000,74.90297922383378,307.2733957219251,172.41532976827094,4.872970391595033,1.1878672383674767,2.116981132075472,0.033404078619544156,3.90146750524109
2016-12-31,AMZN,92.28059071729957,1.580168776371308,22.47257383966245,18.240506329113924,40.78902953586498,40.68565400843882,167.9704641350211,40.68565400843882,16.5126582278481,393600120000.0,381960120000.0,525.5008277703605,8.998425276056789,36.95081862561021,45.52395558639834,20.409651024112005,20.409651024112005,8.732313390183123,107.53381756756757,35.858066090874956,44.17766828591256,0.0019029465743049061,0.021966456717543683,3.324708322530464,0.7687705330807415,-3.277027027027027,1.044846631367537,8.766917293233083,14.221628838451268,,0,0.057451818659838595,0.10388422761253743,0.04537061461355843,5.310069790628115,21.805084745762713,1.1450648055832502,0.020278457282641,38.03326836446713,0.029454857778002323,0.0094074204325655,-55.17141350210971,1965000000,15501000000,-18336000000,,14577500000,36246000000,15979000000,69.58540042523033,318.9953037052384,144.4547463655513,5.245353159851301,1.1442174720455174,2.5267428671145624,0.038838475499092556,4.232067510548523
2016-09-30,AMZN,69.16279069767442,0.53276955602537,9.484143763213531,5.591966173361522,28.87103594080338,37.59408033826639,141.82241014799155,37.59408033826639,17.596194503171247,367199360000.0,361748360000.0,1457.1403174603174,11.22453261600538,81.85451627284887,138.82773534971645,20.650059610842426,20.650059610842426,11.057906706608792,136.09795334838225,80.63940258582257,136.76686578449906,0.0006862757059271563,0.00720317159594178,2.9870093352828704,0.7491854380298179,-2.05079006772009,1.0630186876828467,4.169491525423729,17.8015873015873,,0,0.0531271015467384,0.12642905178211164,0.053810457424150526,2.4367191743617598,17.769690385659967,1.131450298750679,0.0237207311854252,21.228567628257593,0.013155431963421482,0.0037565964044005843,-51.78752642706131,2111000000,13967000000,-17506000000,,13691000000,32992000000,15596500000,73.2588494222657,322.7981090361729,183.64175172867962,4.982333231800183,1.130737726716664,1.987565445026178,0.014171634236868744,3.8921775898520083
2016-06-30,AMZN,64.41525423728814,1.8156779661016949,7.341101694915254,3.7161016949152543,26.527542372881356,35.03813559322034,129.8771186440678,35.03813559322034,17.64406779661017,358158320000.0,353849320000.0,417.92102683780627,11.779973687672673,103.36459451659451,204.195165336374,21.656688837828032,21.656688837828032,11.638248914616497,110.78563556668755,102.12101587301588,201.73849486887116,0.002392796571080633,0.004897275595887316,2.9349377191921633,0.7458663716270207,-1.3490920475892298,1.0889917869334504,10.155172413793103,4.043173862310385,,0,0.0508485725562426,0.12758189711880016,0.05799373040752351,2.0251315020455873,17.769725306838108,1.1157218001168907,0.02525983423233785,37.83390466661627,0.03319338386542309,0.013979968027144301,-47.95550847457627,2633000000,12764000000,-16318000000,,13454000000,31653000000,15042500000,73.13445599263255,306.8085605547156,182.45242688076743,4.99080761654629,1.1896669354338523,2.0005214851898208,0.05182005079211513,3.625
2016-03-31,AMZN,61.84288747346072,1.089171974522293,-4.585987261146497,-7.089171974522293,26.475583864118896,31.32908704883227,121.74734607218684,31.32908704883227,17.698513800424628,310666890000.0,306415890000.0,605.5884795321638,10.665575734688273,-143.8272638888889,-93.0418957771788,21.05359785849824,21.05359785849824,10.519633685800605,105.73357142857142,-141.85920833333333,-91.76876010781672,0.0016512863665645219,-0.010747846350797152,3.1425860666847383,0.7586048946472975,-1.4668737060041408,1.082520310781566,9.025641025641026,-4.2105263157894735,,0,0.04929964295523208,0.12105190881625927,0.06191925140688392,-1.83206106870229,24.70568278201866,1.549618320610687,0.01867618786047789,27.708521812279024,0.03205731459275675,0.008946166053397974,-46.53503184713376,2326000000,10971000000,-15859000000,,12944000000,31086500000,15039500000,63.55671518813513,290.0111311353758,185.3826990353016,5.742902208201893,1.2585723815877252,1.9689000208724692,0.034765519110870155,2.5031847133757963
2015-12-31,AMZN,76.54603854389721,1.032119914346895,18.869379014989292,16.066381156316915,34.025695931477514,28.659528907922912,132.08779443254818,28.659528907922912,17.880085653104924,274129000000.0,266474000000.0,568.7323651452282,7.668587573782416,31.108601906491153,36.53591896574704,20.481843992827258,20.481843992827258,7.454443729543738,93.14016078294303,30.23990013617794,35.51566040250567,0.0017582962765705196,0.027370325649602924,3.8897190675433353,0.7954892732718049,-2.6756378888500523,1.0759609428006727,8.156521739130435,18.282157676348547,,0,0.0015945394019078523,0.09984054605980922,0.05743842063443555,6.731856378915203,27.308632543926663,1.3384262796027502,0.016952471536072957,25.798286507780407,0.02973529877952132,0.007813893166896329,-47.77997858672377,2575000000,9625000000,-15586000000,,13619500000,33790000000,15370000000,65.58298598483789,305.8586335812005,153.59660654862168,5.56546784991437,1.1933617688875815,2.3763545836180806,0.036013150029886434,2.8029978586723767
2015-09-30,AMZN,54.29978586723769,0.16916488222698073,5.588865096359743,3.0278372591006426,22.931477516059957,26.616702355460387,112.85010706638116,26.616702355460387,17.899357601713064,292295300000.0,289829300000.0,3699.9405063291138,11.526748954964901,111.99053639846744,206.71520509193778,23.515309734513274,23.515309734513274,11.429501537976181,144.6253992015968,111.04570881226054,204.97121640735503,0.0002702746161159622,0.004837573508708487,3.523732904263878,0.7789436243997866,-1.2305389221556886,1.0822298083055109,2.1293103448275863,33.037974683544306,,0,0.0019323290480321791,0.12607461156242605,0.06276009247732527,2.182274247491639,21.202341137123746,1.3369565217391304,0.021452795961826643,10.06522501898101,0.008352213167416224,0.0014990227889413862,-44.54282655246253,2192000000,8901000000,-14951000000,,13128000000,30810000000,14739000000,78.30270526066725,314.50343181139954,195.64697105341688,4.661397058823529,1.1605596730622705,1.865605166462532,0.006355591311343524,2.5610278372591004
2015-06-30,AMZN,49.75107296137339,0.19742489270386265,4.285407725321888,1.6824034334763949,22.036480686695278,25.253218884120173,104.97210300429184,25.253218884120173,17.946351931330472,250130160000.0,248111160000.0,2718.806086956522,10.788913043478262,125.25295943915874,319.04357142857145,21.25511216859279,21.25511216859279,10.70182712215321,126.07274390243903,124.24194291437156,316.4683163265306,0.0003678085041803835,0.00313436812258066,3.4561522773623388,0.7755911517925248,-1.0259146341463414,1.1036717965874874,3.2035398230088497,21.706521739130434,,0,0.0036231884057971015,0.13026224982746723,0.06718154080854309,1.6463314097279473,19.112943116240725,1.2399010717230008,0.024240855762594892,10.59133209960169,0.012689287717330341,0.0018807367581822271,-41.30042918454936,2479000000,8245000000,-14281000000,,12868000000,29787000000,13983500000,77.45859213250517,298.3321240105541,179.85158311345646,4.712195121951219,1.2234686465983375,2.0294511378848727,0.007817811012916384,2.6030042918454934
2015-03-31,AMZN,48.85376344086021,-0.12258064516129032,-3.2236559139784946,-5.096774193548387,22.01505376344086,23.38279569892473,100.18064516129033,23.38279569892473,18.004301075268817,196127700000.0,194147700000.0,-3440.8368421052633,8.633521151560505,-130.83902601734488,-82.75430379746835,18.038048376712958,18.038048376712958,8.546361755513493,115.49535990481856,-129.51814543028686,-81.91886075949367,-0.00029062697416020275,-0.012083963662450537,3.605444679481284,0.7828657014478283,-1.1778703152885188,1.1184363808948528,0.1826086956521739,26.29824561403509,,0,0.04767354844389664,0.1212307963199366,0.06971542685971044,-1.7210103329506314,26.081515499425947,1.637198622273249,0.017916098076330503,8.03064499931972,0.0007807271916127593,-0.0012235960844925297,-39.04838709677419,2745000000,7382000000,-13280000000,,12794000000,29550000000,13933000000,76.67297618523573,282.54011042546284,174.71159467359533,4.760477787091366,1.2918519761684988,2.089157280499389,-0.005242343419479444,1.8731182795698924
2014-12-31,AMZN,63.48268398268398,0.46320346320346323,14.534632034632034,12.056277056277056,31.50865800865801,23.248917748917748,110.79220779220779,23.248917748917748,18.049783549783548,163792860000.0,157500860000.0,765.3871962616821,5.5846725084387465,24.392086373790022,29.40625852782765,15.249311982124569,15.249311982124569,5.370140816256947,79.94967512690356,23.45507967237528,28.2766355475763,0.0013065282577030526,0.03400636633367291,4.074480960804395,0.8029355105036236,-3.1939086294416246,1.1152764427355903,5.797297297297297,31.378504672897197,,0,0.0011592621637287327,0.0898769136349688,0.06089349600954041,5.864628820960698,25.61484716157205,1.205240174672489,0.013911145964744792,15.566053847497805,0.01624015748031496,0.004180830695893408,-38.938311688311686,3238000000,7422000000,-12437000000,,13214000000,31821000000,14398000000,69.8414538511371,290.6121807275542,146.53323335913313,5.2261225944404845,1.2559693784555563,2.490902518375708,0.019923657015175497,2.4783549783549783
2014-09-30,AMZN,44.63774403470716,-0.9479392624728851,3.8329718004338393,0.8438177874186551,11.405639913232104,22.420824295010846,80.44902386117137,22.420824295010846,6.828633405639914,137871270000.0,135712270000.0,-315.4948970251716,6.699935367868597,78.02561969439728,354.4248586118252,13.338938660990712,13.338938660990712,6.595017494411508,193.04732574679943,76.80377475947934,348.87473007712083,-0.0031696233740357944,0.002821472522883121,2.9105069659442724,0.744278680818427,-3.071123755334282,0.8910853085116591,-12.918367346938776,-4.043478260869565,,0,0.0015550588006609,0.11769851297502187,0.08243647789405972,1.2822931785195937,14.933236574746008,0.9049346879535559,0.018369132082806883,21.867911240915337,-0.03233386116361036,-0.01178310459190552,-35.27603036876356,-2270000000,7004000000,-11511000000,,12594500000,29497000000,13906500000,77.56560404315289,294.72995145962943,182.56238463116154,4.705694031557283,1.2384218101769537,1.999316566429743,-0.042279411764705885,2.9891540130151846
2014-06-30,AMZN,42.04347826086956,-0.27391304347826084,1.873913043478261,-0.9304347826086956,10.993478260869566,23.047826086956523,76.56739130434782,23.047826086956523,6.878260869565217,148354600000.0,146416600000.0,-1177.4174603174604,7.67086866597725,172.10510440835264,-346.6228971962617,13.99307677796642,13.99307677796642,7.570661840744571,133.7137899543379,169.8568445475638,-342.0948598130841,-0.0008493164350818915,-0.0028849796366273777,2.574608564421807,0.7202490896617235,-1.7698630136986302,1.0002133219561624,-0.6,-6.841269841269841,,0,0.0030506721820062047,0.11509824198552224,0.07063697292733126,0.6682170542635659,14.992248062015504,0.8596899224806202,0.02016546018614271,11.918252986629716,-0.0014101425810831983,-0.0035774112035433406,-28.030978260869563,4000000,7925000000,-8541000000,,12470500000,28820000000,13570500000,77.85031023784902,284.87871324078225,181.0016420361248,4.6884848484848485,1.2812470115711962,2.0165562913907285,-0.011884550084889643,2.8043478260869565
2014-03-31,AMZN,42.915217391304346,0.23478260869565218,-5.439130434782609,-7.78695652173913,11.030434782608696,22.452173913043477,73.28478260869565,22.452173913043477,6.932608695652174,139899800000.0,137972800000.0,1295.3685185185184,7.086763588470696,-55.915187849720226,-39.056337241764375,13.545681642137877,13.545681642137877,6.989149485841649,119.35363321799308,-55.14500399680256,-38.51836962590731,0.0007719810893225008,-0.02560403946252961,2.520914020139427,0.7159828401715983,-1.6669550173010381,1.0528408781391294,2.857142857142857,-23.166666666666668,,0,0.04407071576921129,0.10085608631781572,0.07295677043229568,-2.316666666666667,18.278703703703705,0.9351851851851852,0.016260574438984855,10.890640437978767,0.00666407508191259,0.003203702055708819,-24.028804347826085,970000000,7675000000,-6709000000,,12380500000,28886500000,13606500000,72.94083379767996,275.0160085378869,174.4105300604767,5.004055766793409,1.3271954674220963,2.092763549731983,0.010457010069713401,2.347826086956522
2013-12-31,AMZN,55.989059080962804,0.5251641137855579,12.205689277899344,10.282275711159738,18.945295404814004,21.326039387308533,82.06564551422319,21.326039387308533,7.067833698030634,184175570000.0,178708570000.0,767.3982083333334,7.198013444327197,33.01820903549659,39.19463077250479,18.89755489431562,18.89755489431562,6.984350255989369,121.40527853260869,32.03810864109,38.03119174292403,0.001303104423675735,0.02551369869521783,3.1205622819618304,0.7573146741701735,-3.713994565217391,1.0715839860748477,11.58974358974359,23.241666666666667,,0,0.0009770586626021026,0.0727713291906046,0.06611220398914315,6.345847554038681,29.109215017064848,1.0944254835039817,0.012740844960331418,15.874274406923778,0.026311193899528493,0.0063993174061433445,-23.38129102844639,1645000000,7091000000,-5788000000,,12791500000,31158000000,13954000000,68.00152421151365,293.71184728278206,143.83787089226843,5.367526746381372,1.2427145972378246,2.5375792740520846,0.02462548737943772,1.9234135667396062
2013-09-30,AMZN,37.48026315789474,-0.08991228070175439,3.0460526315789473,0.7675438596491229,8.491228070175438,19.92763157894737,64.09210526315789,19.92763157894737,6.75219298245614,164652480000.0,163823480000.0,-4015.914146341463,9.63387045813586,118.54030237580993,470.43565714285717,18.119564212611422,18.119564212611422,9.58536539699257,-2127.5776623376623,117.94347012239021,468.0670857142857,-0.00024900930736056936,0.0021256892091755923,2.506217673599648,0.7147923793980101,10.766233766233766,1.074310505113108,-1.2222222222222223,-33.8780487804878,,0,0.0013457375226727517,0.10145690714411093,0.08270299111766737,1.3368623676612128,16.44947064485082,-0.08373435996150144,0.01649991223450939,6.349340366964735,-0.002797914282080631,-0.001402860466707726,-21.39967105263158,1199000000,6452000000,-5440000000,,11936500000,28610000000,13282500000,65.28611549938563,296.28022644561264,179.1200970481197,5.590775269872424,1.2319418152834511,2.037738958470666,-0.004511940134257731,2.2785087719298245
2013-06-30,AMZN,34.51428571428571,-0.015384615384615385,1.934065934065934,0.05274725274725275,8.14065934065934,19.193406593406593,59.36043956043956,19.193406593406593,6.758241758241758,137596550000.0,136934550000.0,-19656.65,8.76187913907285,156.3597159090909,5733.189583333334,15.755931524103975,15.755931524103975,8.7197242740703,105.57791056283732,155.60744318181818,5705.60625,-5.0873368554662164e-05,0.00017442297790169883,2.392076033436391,0.7051952874455659,-0.5104086353122591,1.1051917203936206,0.5151515151515151,-125.71428571428571,,0,0.0025471217524197657,0.10099337748344371,0.08824224420214023,1.02803738317757,18.345794392523363,1.4228971962616823,0.01891237901171676,2.5775708551080188,0.0011418592154755509,-0.0002591728683031582,-18.837912087912088,1550000000,6119000000,-4605000000,,11838500000,28086500000,12958500000,66.49675241976566,292.7424391114283,176.49210455883664,5.488989863684027,1.2468298109010012,2.068081180811808,-0.0008015573113477613,1.8813186813186813
2013-03-31,AMZN,35.31868131868132,0.18021978021978022,-5.213186813186813,-6.685714285714286,9.848351648351649,18.531868131868134,56.79560439560439,18.531868131868134,6.753846153846154,115483550000.0,114042550000.0,1408.3359756097561,7.186281891723708,-48.686150927487354,-37.963034188034186,13.69586693548387,13.69586693548387,7.096611698817672,85.04291573452647,-48.07864671163575,-37.48933267587114,0.0007100578394065648,-0.02634141399359476,2.3653937381404173,0.7028579483384431,-1.074571215510813,1.138222160200949,2.4545454545454546,-28.926829268292682,,0,0.03932794026135657,0.08606098319850654,0.0893329104556507,-3.5402985074626865,23.98507462686567,1.7313432835820894,0.014250155569383945,8.668662355877782,0.005767176931292275,0.0031731290147821375,-16.407692307692308,1981000000,5897000000,-3632000000,,11666000000,28049500000,12946000000,57.14623522090853,275.7681552410813,166.86509617828997,6.387122416534181,1.3235755944369672,2.187395736793327,0.009724857685009488,1.4725274725274726
2012-12-31,AMZN,46.94922737306843,0.2163355408388521,11.216335540838852,6.743929359823399,17.845474613686534,18.083885209713024,66.23178807947019,18.083885209713024,6.867549668874172,123560280000.0,118560280000.0,1260.8191836734693,5.809680270829415,24.31810273568195,40.44526350245499,15.0830419921875,15.0830419921875,5.574585292458153,73.50296342219467,23.33404447943318,38.8086022913257,0.0007931351401923013,0.024724774013137555,2.9739990234375,0.7483643065581324,-3.0998140111593306,1.1207241343016525,12.481481481481481,51.8469387755102,,0,0.04001316531878879,0.06324054918186947,0.07839041621870681,2.507897334649556,10.497532082922014,0.596248766041461,0.011096482979123566,9.38212179970486,0.024865343466391205,0.0032663400326634,-16.283664459161148,2294000000,5640000000,-3067000000,,12090000000,30250500000,13264000000,57.732744028587554,301.2375286608415,136.41414141414143,6.322235434007134,1.2116684186814837,2.675675675675676,0.011962890625,4.472406181015453
2012-09-30,AMZN,30.54424778761062,-0.6061946902654868,2.086283185840708,0.5022123893805309,6.592920353982301,16.710176991150444,44.89823008849557,16.710176991150444,9.422566371681416,107684480000.0,108940480000.0,-393.0090510948905,7.799831957120094,114.19351007423117,474.3809691629956,14.257179928505229,14.257179928505229,7.890806895552658,120.91063263041066,115.52542948038176,479.9140088105727,-0.002544470660953185,0.0021080103650962514,2.0231696014828544,0.6692213366033108,1.3940066592674807,1.040698135660452,-0.9565217391304348,-3.4416058394160585,,0,0.03911342894393742,0.08633927277995075,0.11123762809844968,1.3170391061452513,19.282122905027933,1.2960893854748603,0.01564537157757497,15.096902421431288,-0.002150747873692443,-0.013501527545087218,-12.625,513000000,5013000000,-2163000000,,11604000000,27776000000,12781000000,63.23917137476459,296.0252931485609,179.15737959104564,5.771739130434782,1.2330027482375434,2.037314906219151,-0.03627697603601218,1.584070796460177
2012-06-30,AMZN,28.393805309734514,0.015486725663716814,1.3141592920353982,-0.13938053097345132,5.165929203539823,16.603982300884955,40.93141592920354,16.603982300884955,8.6570796460177,106712680000.0,108269680000.0,15244.668571428572,8.314841826398629,179.65097643097644,-1693.8520634920635,14.218878081279149,14.218878081279149,8.436160199470157,117.17497835497835,182.27218855218854,-1718.5663492063493,6.559670322214755e-05,-0.0005903703289993279,1.8010659560293139,0.642993054894872,1.6850649350649352,1.075611090842758,6.904761904761905,84.85714285714286,,0,0.04184198223468911,0.08430730871123578,0.11992198649034345,0.9041095890410958,19.534246575342465,1.2450532724505328,0.017219884681315255,2.405343982350099,0.014416384967190296,0.00037835792659856227,-10.6875,829000000,4984000000,-1724000000,,11425500000,27127500000,12438500000,57.87556490571918,272.0573355817875,168.49704890387858,6.306633906633906,1.341628959276018,2.1662100456621003,0.000932711525649567,1.4535398230088497
2012-03-31,AMZN,29.105960264900663,0.2869757174392936,-5.381898454746137,-6.233995584988962,5.050772626931567,16.05077262693157,40.549668874172184,16.05077262693157,7.997792494481236,105050700000.0,106364700000.0,808.0823076923076,7.967440273037543,-43.088884331419194,-37.19925637393768,14.447902626873882,14.447902626873882,8.067098976109214,115.8656862745098,-43.627850697292864,-37.664553824362606,0.0012374977034898388,-0.026882257805040805,1.7972768532526475,0.6425094645754462,1.4313725490196079,1.1588482074752098,4.0,-18.753846153846155,,0,0.03640500568828214,0.07167235494880546,0.09685825261812282,-6.316062176165803,34.1580310880829,1.8808290155440415,0.012135001896094046,10.180328814755685,0.008527053091056745,0.007077140835102618,-8.533664459161148,1666000000,5301000000,-914000000,,11314500000,27034500000,12376000000,50.189230185817216,250.66221202752567,154.88929889298893,7.272476558190844,1.4561428986349114,2.356521739130435,0.017879246321001237,0.8520971302428256
2011-12-31,AMZN,38.47902869757174,0.39072847682119205,9.42384105960265,8.20971302428256,11.631346578366445,17.12362030905077,51.48565121412803,17.12362030905077,8.324503311258278,87043950000.0,85525950000.0,491.77372881355933,4.993629166427629,20.38977512297962,23.405203011562246,11.221342013665078,11.221342013665078,4.906542940737766,93.06414581066376,20.034188334504567,22.997028771175046,0.002033455512990851,0.04272554267125975,2.2587340466675263,0.6931323680670939,-1.6517954298150164,1.174140708915145,13.65,24.11864406779661,,0,0.03401984969307555,0.04945212552349263,0.07733997942875227,7.761818181818182,31.69272727272727,1.1981818181818182,0.009179048821065917,12.269492117563235,0.026295511462146023,0.007589075161857394,-7.772075055187638,2594000000,5802000000,-31000000,,11693500000,29164000000,12744500000,53.83598187137858,294.11647747812884,131.73884751644854,6.779852197588487,1.2410049349484074,2.7706330128205128,0.02281809978084311,1.2141280353200883
2011-09-30,AMZN,24.008830022075056,0.1390728476821192,1.7593818984547462,0.5894039735099338,6.231788079470198,17.143487858719645,37.792494481236204,17.143487858719645,5.39514348785872,98445960000.0,98048960000.0,1562.6342857142859,9.05166973151894,123.52065244667502,368.7114606741573,12.676533608035026,12.676533608035026,9.015167340934166,161.5304118616145,123.02253450439147,367.2245692883895,0.0006399450012981741,0.0027121478626446426,1.4535153232037086,0.5924215387845072,-0.6540362438220758,1.3259077745600356,7.222222222222222,12.65079365079365,,0,0.0340198602427363,0.07070614196395733,0.1015009971659494,1.5037735849056604,20.52075471698113,0.9962264150943396,0.013148216255976461,7.324230860889728,0.012901945216355697,0.0036799065420560747,-4.315673289183223,2926000000,5832000000,616000000,,11156000000,26867500000,12133500000,50.205958072820884,287.29937530033635,165.31114848630466,7.270053475935829,1.2704517704517704,2.207957559681698,0.008112284316250322,1.1699779249448123
2011-06-30,AMZN,21.93141592920354,0.42035398230088494,0.9358407079646017,-0.022123893805309734,4.528761061946903,17.17920353982301,35.469026548672566,17.17920353982301,5.174778761061947,100579040000.0,100856040000.0,529.3633684210527,10.146175728840918,237.7755082742317,-10057.904,12.952870573084352,12.952870573084352,10.174118833854534,144.90810344827585,238.43035460992908,-10085.604,0.001889061577839677,-9.942429357050932e-05,1.310495814552479,0.5671924641881724,0.39798850574712646,1.401988812927284,14.933333333333334,2.2263157894736842,,0,0.03429839604559669,0.07051346716432967,0.10640432528844546,0.976905311778291,22.893764434180138,1.1431870669745958,0.014526379501664482,12.746776022439807,0.02263540824575586,0.01185129740518962,-2.495575221238938,3234000000,5856000000,1103000000,,11127000000,26452000000,11863000000,52.94764450721275,277.4970099667774,156.62259136212623,6.893602225312935,1.315329487851774,2.3304428615670485,0.02446877012234385,0.9579646017699115
2011-03-31,AMZN,21.855875831485587,0.44567627494456763,-3.516629711751663,-4.177383592017739,5.855875831485587,16.290465631929045,34.07760532150776,16.290465631929045,4.882483370288249,88310310000.0,87859310000.0,439.35477611940297,8.959146799228975,-55.68115384615385,-46.873837579617835,12.019914250714578,12.019914250714578,8.913392512934971,118.09047043010753,-55.396790668348046,-46.63445329087049,0.0022760649351134653,-0.02133386237688442,1.297808629372533,0.5648027484895155,-0.6061827956989247,1.4602846054333765,25.583333333333332,-7.890547263681592,,0,0.033174393831794664,0.05873998173886578,0.08962208269162422,-5.322147651006712,33.077181208053695,1.4161073825503356,0.01115958202292787,12.781086256609388,0.033544580419580416,0.013078274448565293,-0.5144124168514412,3558000000,5834000000,1753000000,,11060000000,26361500000,11692500000,48.28649690575226,265.78601472134596,138.55415352260778,7.559049079754601,1.3732851985559567,2.634349030470914,0.02735810534912209,0.6607538802660754
2010-12-31,AMZN,28.96420581655481,0.930648769574944,7.803131991051454,7.069351230425056,8.449664429530202,15.355704697986576,39.033557046979865,15.355704697986576,5.217002237136465,76499580000.0,75043580000.0,183.89322115384616,5.9086722792924995,21.932219036697248,24.208727848101265,11.145043706293706,11.145043706293706,5.796213794701475,34.26647488584475,21.514787844036697,23.74796835443038,0.005437938352079842,0.0413074163282988,1.738490675990676,0.6348353460658616,-0.6648401826484018,1.3253952950250676,46.09090909090909,8.384615384615385,,0,0.02904147678998996,0.04000926855642234,0.07176677129329148,10.634146341463415,39.47256097560975,5.2317073170731705,0.009268556422337221,17.931599841358032,0.06017804154302671,0.02384227418615314,-0.8495525727069351,3375000000,5515000000,1814000000,,11201500000,27617000000,11849500000,44.740480420174556,284.83231559561887,113.28196181060386,8.158160050409577,1.2814557197863619,3.222048719550281,0.06060606060606061,0.7337807606263982
2010-09-30,AMZN,16.91275167785235,0.5167785234899329,1.912751677852349,1.2080536912751678,3.442953020134228,14.31096196868009,28.825503355704697,14.31096196868009,0.39373601789709173,73857810000.0,72482810000.0,319.7307792207792,9.769551587301587,86.38340350877192,136.77372222222223,11.5456948569642,11.5456948569642,9.58767328042328,335.5685648148148,84.77521637426901,134.22742592592593,0.0031276313229433696,0.007311345949737746,1.2138502423010786,0.5482982629572094,-6.3657407407407405,1.499450980392157,24.25,3.7012987012987013,,0,0.03187830687830688,0.0585978835978836,0.09017087981923456,2.7142857142857144,24.0,-0.1619047619047619,0.014285714285714285,12.899649235837357,0.037369975600359574,0.017927823050058207,0.21644295302013422,3184000000,5120000000,1794000000,,10887500000,25898500000,11506000000,46.300925925925924,291.06636709298306,158.65451088835118,7.883211678832117,1.2540095361941916,2.300596421471173,0.0361106768797874,0.7046979865771812
2010-06-30,AMZN,14.721973094170403,0.4618834080717489,0.5605381165919282,0.1210762331838565,3.6524663677130045,13.132286995515695,25.04035874439462,13.132286995515695,0.31614349775784756,52578940000.0,51081940000.0,255.23757281553398,8.007758148035334,210.31576,973.684074074074,8.977111149052416,8.977111149052416,7.779765458422175,273.16545454545457,204.32776,945.9618518518519,0.003917918466975561,0.0010270271709547586,1.1166126003073247,0.5275469871743164,-8.005347593582888,1.5462857142857143,33.111111111111114,1.2135922330097086,,0,0.03213524215656412,0.061985988425220837,0.09913688795676373,1.2755102040816326,33.5,-0.42857142857142855,0.016600670118793785,11.682280306021795,0.041695816426472646,0.018445558739255016,0.3178251121076233,2868000000,4628000000,1578000000,,10810500000,25364000000,11218500000,44.74946695095949,261.02985676820657,142.84849707484364,8.156521739130435,1.3983074753173483,2.5551546391752575,0.03517158955096466,0.43946188340807174
2010-03-31,AMZN,16.024719101123594,0.6719101123595506,-2.4674157303370787,-2.7820224719101123,4.143820224719101,12.624719101123596,24.287640449438204,12.624719101123596,0.3101123595505618,61009500000.0,59296500000.0,204.04515050167223,8.555532183424486,-55.56420765027322,-49.28069466882068,10.859647561409753,10.859647561409753,8.315313420277661,207.33041958041957,-54.00409836065574,-47.8970113085622,0.004900876093067473,-0.02029192174989141,1.1434674261302955,0.5334662016276366,-5.989510489510489,1.5336029270171385,57.285714285714285,-3.6722408026755855,,0,0.02818679007151872,0.05132519983172066,0.10247467198139844,-7.8428571428571425,50.93571428571428,-0.7714285714285715,0.012200252419015565,13.815216960628367,0.05854869323988904,0.027664692820133233,0.3601123595505618,2771000000,4384000000,1540000000,,10815500000,25401000000,11158500000,41.715748141915576,240.12634066533357,120.75986184330121,8.749693251533742,1.5200331583310307,3.0225274725274724,0.05322178711285155,0.3146067415730337
2009-12-31,AMZN,21.986143187066975,0.8868360277136259,6.030023094688222,5.713625866050808,7.953810623556582,12.140877598152425,29.05080831408776,12.140877598152425,4.043879907621247,54302530000.0,52617530000.0,141.41283854166664,5.704047268907563,20.797598621217922,21.949284559417947,10.329566292562298,10.329566292562298,5.527051470588235,392.66813432835824,20.15225201072386,21.2682012934519,0.007071493722299864,0.045559571533775683,2.627544226745292,1.0,-12.574626865671641,1.3303910917979358,-58.875,6.799479166666667,,0,0.028781512605042015,0.0,0.08933613262868312,19.05839416058394,69.48905109489051,0.8175182481751825,0.010399159663865546,15.56459997549934,0.07303457900449682,0.030527068924397806,-12.980369515011548,2433000000,-1234000000,-4016000000,,10902000000,26394000000,11334000000,37.88025210084033,271.22166246851384,105.05302929868752,9.635627530364372,1.3457627118644069,3.4744357438968216,0.07304546319193456,0.3163972286374134
2009-09-30,AMZN,12.640371229698376,0.4617169373549884,1.8538283062645011,1.6148491879350348,5.832946635730859,8.317865429234338,19.756380510440835,8.317865429234338,2.7285382830626452,51207110000.0,49876110000.0,257.3221608040201,9.39924926578561,64.08899874843554,73.57343390804597,14.283712691771271,14.283712691771271,9.154939427312776,479.57798076923075,62.42316645807259,71.6610775862069,0.003886179087240034,0.0135918625362767,2.502649930264993,1.0,-12.798076923076923,1.4037910513555212,-37.57142857142857,4.015075376884422,,0,0.02734948604992658,0.0,0.05093624609897459,7.757281553398058,52.89320388349515,0.9223300970873787,0.016519823788546256,9.295764379793242,0.059301014656144305,0.023370522607163827,-8.49013921113689,1832000000,-457000000,-2603000000,,10743500000,25268500000,11057000000,44.95502936857562,293.2239520958084,141.36646706586825,8.119225037257824,1.2447823494335122,2.581941867656153,0.05550906555090655,0.23897911832946636
2009-06-30,AMZN,10.81860465116279,0.3302325581395349,1.0883720930232559,0.9069767441860465,4.502325581395349,7.572093023255814,16.8,7.572093023255814,2.6069767441860465,37018700000.0,36210700000.0,260.6950704225352,7.9575881341358565,79.09978632478632,94.91974358974359,11.369379606879608,11.369379606879608,7.783899398108341,-406.86179775280897,77.3732905982906,92.84794871794871,0.0038358991536709824,0.01053521598543439,2.357186732186732,1.0,9.07865168539326,1.4587458745874586,-25.571428571428573,3.295774647887324,,0,0.027730008598452278,0.0,0.058762214983713354,6.0,59.64102564102564,1.0769230769230769,0.01827171109200344,7.5008274286678915,0.044317900470413465,0.019656699889258028,-7.819767441860465,1668000000,-451000000,-2371000000,,10700000000,24845500000,10911000000,45.82115219260533,260.13640238704176,137.43250923557827,7.965753424657534,1.4031100478468899,2.6558490566037736,0.04361179361179361,0.1813953488372093
2009-03-31,AMZN,11.396270396270396,0.4125874125874126,-1.3636363636363635,-1.491841491841492,3.965034965034965,6.801864801864802,15.261072261072261,6.801864801864802,2.3729603729603728,34543080000.0,33872080000.0,195.1586440677966,7.065469421149519,-59.048,-53.9735625,11.837930089102123,11.837930089102123,6.928222540396809,102.33256797583081,-57.900991452991455,-52.925125,0.005124036420608701,-0.018527589317455188,2.3920493488690884,1.0,-2.027190332326284,1.400293255131965,-20.666666666666668,-3.305084745762712,,0,0.026181223154019228,0.0,0.062034383954154726,-10.636363636363637,88.89090909090909,1.5818181818181818,0.013704233994681939,7.9462686517536545,0.06946778711484594,0.02703528333587903,-7.405011655011655,1365000000,-433000000,-2205000000,,10701500000,24781500000,10881500000,43.82389036612804,232.2106388666132,123.5204490777867,8.328790459965928,1.5718487394957983,2.9549763033175354,0.06065798492117889,0.1282051282051282
2008-12-31,AMZN,15.846335697399526,0.5319148936170213,3.713947990543735,3.4728132387706854,6.546099290780142,6.31678486997636,18.6193853427896,6.31678486997636,2.557919621749409,24880860000.0,23204860000.0,110.58160000000001,3.711899149634492,15.837593889242521,16.937277059223963,9.311699101796407,9.311699101796407,3.461861852901686,272.99835294117645,14.77075747931254,15.79636487406399,0.009043095777235995,0.059041367541154126,3.1115269461077846,1.0,-19.71764705882353,1.2973029919932575,-27.545454545454547,6.982222222222222,,0,0.025212591376995375,0.0,0.052682222756795766,15.401960784313726,65.7156862745098,0.7549019607843137,0.011636580635536327,8.694815634767043,0.08492152466367713,0.02856780091416963,-7.723995271867612,1411000000,-438000000,-2157000000,,10821500000,25388500000,10948000000,45.032821124869464,244.96918767507,95.35667600373482,8.105199516324063,1.489983305509182,3.8277340957827017,0.08420658682634731,0.24113475177304963
2008-09-30,AMZN,10.13064133016627,0.2826603325415677,1.007125890736342,0.7672209026128266,3.9192399049881237,6.002375296912114,14.634204275534442,6.002375296912114,2.002375296912114,23874910000.0,23084910000.0,200.62949579831934,5.5978686987104345,56.308749999999996,73.91613003095975,9.447926394934704,9.447926394934704,5.412640093786635,278.1314457831325,54.44554245283019,71.47030959752323,0.004984311982746741,0.013528846810312583,2.598337950138504,1.0,-9.518072289156626,1.409033078880407,-10.764705882352942,3.563025210084034,,0,0.025322391559202812,0.0,0.06168138897349985,4.198019801980198,42.227722772277225,0.7524752475247525,0.016412661195779603,6.1785314956671185,0.05347749853886616,0.019315046258724232,-7.4507125890736345,1286000000,-405000000,-2136000000,,10706500000,24712500000,10906000000,51.091441969519344,250.56031843233313,146.96111451316594,7.144053601340033,1.4567350579839429,2.4836501901140684,0.04709141274238227,0.23990498812351543
2008-06-30,AMZN,9.69689737470167,0.37708830548926014,0.8281622911694511,0.6634844868735084,3.694510739856802,5.322195704057279,14.13365155131265,5.322195704057279,1.8878281622911695,32769989999.999996,32033989999.999996,207.40499999999997,8.065466404134876,94.43801152737751,117.87766187050359,14.695062780269058,14.695062780269058,7.884319468373122,-190.67851190476188,92.31697406340056,115.2301798561151,0.004821484535088354,0.008483371523763054,2.8349775784753364,1.0,4.380952380952381,1.3171641791044777,-9.904761904761905,2.1962025316455698,,0,0.02510460251046025,0.0,0.06327111673521038,5.028985507246377,58.88405797101449,1.0,0.01796701944376077,6.719828836310976,0.0669671603348358,0.02668017561634583,-7.0381861575179,1020000000,-400000000,-2086000000,,10701000000,24573000000,10802000000,52.643366970219056,231.42603359173128,130.50872093023256,6.933447098976109,1.577177789098319,2.796747967479675,0.07085201793721974,0.16467780429594273
2008-03-31,AMZN,9.916067146282973,0.34292565947242204,-1.5467625899280575,-1.6930455635491606,3.5875299760191846,3.5251798561151078,13.167865707434053,3.5251798561151078,1.8201438848920863,32788710000.0,32073710000.0,229.29167832167832,7.929555018137847,-50.83520930232558,-46.44293201133144,22.305244897959184,22.305244897959184,7.756640870616687,121.95326996197718,-49.72668217054264,-45.430184135977335,0.004361257274226403,-0.021531801647579302,4.002040816326531,1.0,-2.7186311787072244,1.1165868769360743,-9.409090909090908,-4.510489510489511,,0,0.0249093107617896,0.0,0.06663267040625531,-10.573770491803279,67.78688524590164,1.0655737704918034,0.013059250302297461,5.215331159728628,0.08876500857632934,0.026042615188490256,-6.613309352517986,414000000,-392000000,-1918000000,,10698500000,24523500000,10787000000,51.28536880290206,214.01698647373388,123.65681031770998,7.117039586919105,1.7054721030042919,2.9517177344475396,0.09727891156462586,0.14628297362110312
2007-12-31,AMZN,13.73365617433414,0.5012106537530266,2.7796610169491527,2.6029055690072638,6.147699757869249,2.8983050847457625,15.164648910411623,2.8983050847457625,2.1767554479418885,30648729999.999996,29028729999.999996,148.06149758454106,5.403513751763047,26.697499999999998,28.510446511627904,25.604619883040936,25.604619883040936,5.117900211565584,86.91236526946106,25.286350174216025,27.003469767441857,0.006753950326816153,0.03507486280834476,5.417710944026734,1.0,-4.850299401197605,1.39041464728056,-14.05,5.545893719806763,,0,0.02344851904090268,0.0,0.03423284502698535,15.726027397260275,77.6986301369863,0.863013698630137,0.009696755994358252,5.717069283450723,0.1014074341392999,0.03305125339294268,-5.434019370460049,1450000000,-222000000,-1321000000,,10760500000,24989000000,10848500000,45.3675952045134,226.60484229231454,97.29009329187028,8.045390070921986,1.6107334525939176,3.7516666666666665,0.17293233082706766,0.17675544794188863
2007-09-30,AMZN,7.91747572815534,0.1941747572815534,0.5752427184466019,0.4077669902912621,3.3155339805825244,1.8470873786407767,10.679611650485437,1.8470873786407767,1.5194174757281553,36354880000.0,35633880000.0,454.436,11.144966278356835,153.39611814345992,216.39809523809524,47.77250985545335,47.77250985545335,10.923936235438381,194.72065573770493,150.3539240506329,212.10642857142858,0.0022005298875969336,0.00462111276395356,6.068331143232589,1.0,-3.939890710382514,1.4764984907287624,-6.526315789473684,2.9625,,0,0.022685469037400367,0.0,0.047206582936336075,3.4347826086956523,47.27536231884058,0.8840579710144928,0.015328019619865114,2.8407392043394895,0.053936494127881686,0.01818181818181818,-4.535194174757281,1105000000,-218000000,-1194000000,,10645000000,24428500000,10733500000,53.03801348865727,244.404,141.62,6.881856540084388,1.4934289127837514,2.577319587628866,0.10512483574244415,0.16747572815533981
2007-06-30,AMZN,7.004854368932039,0.18932038834951456,0.7257281553398058,0.6092233009708737,2.436893203883495,1.3349514563106797,9.150485436893204,1.3349514563106797,1.5097087378640777,34072400000.0,33709400000.0,436.82564102564106,11.806098406098407,113.95451505016723,135.74661354581673,61.94981818181818,61.94981818181818,11.68031878031878,190.44858757062147,112.74046822742476,134.3003984063745,0.002289242906281917,0.007366666275343093,7.243636363636363,1.0,-2.0508474576271185,1.4767561983471074,-5.842105263157895,3.8333333333333335,,0,0.02252252252252252,0.0,0.053714859437751006,6.229166666666667,60.125,1.25,0.01593901593901594,2.384639256380507,0.05419921875,0.020689655172413793,-4.037621359223301,923000000,-214000000,-1125000000,,10600000000,24239000000,10616000000,48.565488565488565,216.42628205128204,122.83653846153847,7.515625,1.6864864864864866,2.9714285714285715,0.14181818181818182,0.11650485436893204
2007-03-31,AMZN,7.317961165048544,0.26941747572815533,-0.6771844660194175,-0.7597087378640777,1.8155339805825244,0.8567961165048543,8.410194174757281,0.8567961165048543,1.4975728155339805,25267960000.0,25155960000.0,227.6392792792793,8.380749585406301,-90.56616487455196,-80.72830670926517,71.58062322946176,71.58062322946176,8.343601990049752,121.5263768115942,-90.1647311827957,-80.37047923322683,0.004392914980077537,-0.012387228727606028,10.371104815864022,1.0,-0.5410628019323671,1.4076881429344883,-7.578947368421052,-2.5135135135135136,,0,0.023880597014925373,0.0,0.05353728489483748,-8.205882352941176,88.67647058823529,1.8235294117647058,0.011276948590381426,2.278992443110452,0.07938257993384785,0.032034632034632034,-3.8725728155339807,753000000,-196000000,-1061000000,,10587000000,24197000000,10625500000,43.339966832504146,192.515243902439,119.8649825783972,8.421787709497206,1.8959537572254335,3.0450928381962865,0.31444759206798867,0.0825242718446602
2006-12-31,AMZN,9.58173076923077,0.23317307692307693,1.7884615384615385,1.6682692307692308,2.456730769230769,1.0360576923076923,10.01923076923077,1.0360576923076923,1.6730769230769231,15412799999.999998,15106799999.999998,158.89484536082472,3.866733567486201,20.716129032258063,22.20864553314121,35.76055684454756,35.76055684454756,3.789964877069744,-122.81951219512193,20.304838709677416,21.76772334293948,0.0062934703622962735,0.045027509602408394,10.122969837587007,1.0,2.4878048780487805,1.3321484992101107,-9.4,7.670103092783505,,0,0.02308078273958856,0.0,0.04469401787760715,14.88,79.72,1.18,0.007526342197691922,2.3314302690981688,0.10267613326051338,0.023272552783109406,-3.8611778846153846,841000000,-195000000,-990000000,,10607500000,24499500000,10687000000,36.53662819869543,211.36479591836735,102.07429846938776,9.989974937343359,1.7268722466960353,3.5758266818700113,0.22505800464037123,0.1201923076923077
2006-09-30,AMZN,5.532374100719425,0.047961630695443645,0.31414868105515587,0.16546762589928057,1.6618705035971224,0.47002398081534774,7.371702637889689,0.47002398081534774,1.3237410071942446,15908550000.0,15787550000.0,795.4275,6.895773732119635,121.43931297709923,230.55869565217392,81.16607142857143,81.16607142857143,6.843324664065887,153.2771844660194,120.51564885496184,228.8050724637681,0.0012571856014533065,0.004337290325013908,16.6734693877551,1.0,-1.174757281553398,1.3093891402714932,-1.95,6.55,,0,0.027741655830082357,0.0,0.05936352509179926,2.1129032258064515,37.20967741935484,1.0161290322580645,0.013003901170351105,0.7121938803317744,0.026,0.006506180871828237,-3.525779376498801,547000000,-194000000,-953000000,,10548500000,24189500000,10616500000,44.4581707845687,248.31626848691695,152.81001137656426,8.209964412811388,1.4698996655518395,2.3885869565217392,0.10204081632653061,0.1486810551558753
2006-06-30,AMZN,5.129496402877698,0.05275779376498801,0.3117505995203837,0.17266187050359713,1.6378896882494005,0.9184652278177458,7.127098321342926,0.9184652278177458,1.1942446043165467,11329890000.0,11161890000.0,514.995,5.2968162692847125,87.153,157.35958333333335,29.581958224543083,29.581958224543083,5.218274894810659,125.41449438202247,85.8606923076923,155.02625,0.0019417664249167465,0.006354871936091171,8.263707571801566,1.0,-1.8876404494382022,1.5301783264746227,-3.176470588235294,5.909090909090909,,0,0.024777933613838243,0.0,0.060979462875197475,2.2413793103448274,36.87931034482759,0.7413793103448276,0.014025245441795231,1.0441573057084026,0.03163444639718805,0.007402422611036339,-3.157673860911271,773000000,-193000000,-934000000,,10520500000,24063000000,10509000000,38.394109396914445,211.29220380601595,116.73726212400244,9.506666666666666,1.7274655355249204,3.126679462571977,0.057441253263707574,0.13908872901678657
2006-03-31,AMZN,5.465227817745803,0.1223021582733813,-0.7266187050359713,-0.8369304556354916,1.2158273381294964,0.7769784172661871,6.707434052757794,0.7769784172661871,1.1175059952038369,14682570000.0,14662570000.0,287.8935294117647,6.442549363756034,-48.457326732673266,-42.07040114613181,45.31657407407407,45.31657407407407,6.43377358490566,100.42856164383562,-48.3913201320132,-42.01309455587393,0.0034735063411923117,-0.023769680648551308,9.228395061728396,1.0,-0.136986301369863,1.5536602700781805,-4.571428571428571,-5.9411764705882355,,0,0.02369460289600702,0.0,0.0645484949832776,-6.586956521739131,49.54347826086956,0.8695652173913043,0.004826678367705134,1.462220260657927,0.060644346178142766,0.018233821952091528,-2.9160671462829737,779000000,-193000000,-804000000,,10522000000,24051500000,10517500000,36.51601579640193,193.8799076212471,113.37759815242494,9.99561403508772,1.882608695652174,3.2193308550185873,0.1574074074074074,0.11031175059952038
2005-12-31,AMZN,7.225728155339806,0.4830097087378641,1.529126213592233,1.395631067961165,2.45873786407767,0.5970873786407767,8.58495145631068,0.5970873786407767,1.3131067961165048,18523520000.0,18073520000.0,93.08301507537688,6.222210278804165,29.4024126984127,32.21481739130435,75.2988617886179,75.2988617886179,6.071051394020826,451.838,28.688126984126985,31.432208695652175,0.010743098503956052,0.031041616280275023,15.024390243902438,1.0,-11.25,1.5184033177812337,-7.318181818181818,3.1658291457286434,,0,0.022505878401074906,0.0,0.04301948051948052,11.454545454545455,54.127272727272725,0.6545454545454545,0.0053745381256298285,2.5473471532336474,0.09111488398415393,0.05626236923946848,-2.9308252427184467,1000000000,-159000000,-767000000,,10545000000,24274500000,10531500000,33.594222371514945,215.83982683982683,89.43290043290044,10.864963503649635,1.691068814055637,4.081272084805653,0.8089430894308943,0.13349514563106796
2005-09-30,AMZN,4.520681265206813,0.072992700729927,0.3722627737226277,0.1873479318734793,1.4598540145985401,0.014598540145985401,6.5036496350364965,0.014598540145985401,0.7737226277372263,16008450000.000002,15748450000.000002,533.6150000000001,8.615958019375674,104.63039215686275,207.90194805194807,2668.0750000000003,2668.0750000000003,8.476022604951561,224.97785714285718,102.931045751634,204.5253246753247,0.0018740102883164826,0.004809959740012306,472.0,1.0,-3.7142857142857144,1.6153846153846154,-2.3181818181818183,5.1,,0,0.023681377825618945,0.0,0.05614406779661017,2.013157894736842,24.44736842105263,0.39473684210526316,0.013993541442411194,0.15484090098975492,0.03357472021066491,0.01122334455667789,-2.54014598540146,808000000,-159000000,-711000000,,10502000000,24029500000,10476500000,36.93218514531755,229.2043010752688,119.31182795698925,9.882978723404255,1.5924657534246576,3.0592105263157894,5.0,0.18491484184914841
2005-06-30,AMZN,4.275609756097561,0.12682926829268293,0.5951219512195122,0.48048780487804876,1.5341463414634147,-0.15609756097560976,5.96829268292683,-0.15609756097560976,0.7195121951219512,18511500000.0,18199500000.0,355.9903846153846,10.559897318881918,75.86680327868852,93.96700507614213,-289.2421875,-289.2421875,10.381916714204221,-233.32692307692307,74.58811475409836,92.38324873096447,0.0028090646354968535,0.01064203333063231,-40.640625,1.0,4.0,1.6835664335664335,-4.909090909090909,4.6923076923076925,,0,0.023958927552766685,0.0,0.0592079969242599,5.191489361702128,37.297872340425535,0.574468085106383,0.014831717056474614,0.6674197610336418,0.07412491420727522,0.02125051082958725,-2.3615853658536587,782000000,-154000000,-675000000,,10485500000,23959000000,10440000000,32.27324586423274,206.04838709677418,107.36943164362519,11.30967741935484,1.7714285714285714,3.3994778067885116,-0.8125,0.11463414634146342
2005-03-31,AMZN,4.639024390243902,0.1902439024390244,-0.7170731707317073,-0.7804878048780488,1.3,-0.3951219512195122,5.6658536585365855,-0.3951219512195122,0.6902439024390243,13267600000.0,13043600000.0,170.0974358974359,6.975604626708728,-45.12789115646259,-41.46125,-81.89876543209876,-81.89876543209876,6.857833859095689,95.90882352941176,-44.36598639455782,-40.76125,0.00587898338810335,-0.024118906207603485,-15.25925925925926,1.0,-1.6470588235294117,1.6710158434296365,-4.153846153846154,-3.769230769230769,,0,0.02365930599369085,0.0,0.060275080906148866,-11.307692307692308,73.15384615384616,1.0769230769230769,0.009989484752891693,1.3005055530964647,0.07719799857040743,0.03357727077055531,-2.417682926829268,720000000,-149000000,-679000000,,10493500000,23943500000,10450000000,32.81545741324921,177.95013850415512,101.86634349030471,11.12280701754386,2.0511363636363638,3.5831265508684864,-0.48148148148148145,0.06341463414634146
2004-12-31,AMZN,6259.660627799156,854.0669974330297,1373.5680887649473,1283.0220286456151,3208.9592684380896,-559.7350255957982,7660.285372210698,-559.7350255957982,822.7952878110789,17138195.72,-924333804.28,0.049434060942403546,0.00674477459888176,0.030737464232998005,0.0329066836401619,-0.0754285475615177,-0.0754285475615177,-0.36377360055002855,-57.5765419384577,-1.657798622013139,-1.7747935997634463,20.228967253269296,30.38896325546223,-14.297318351664313,1.0,-58.64407624268095,1.5671414465564057,-4.205314365740399,1.6082673758537935,,0,0.022904737935558975,0.0,0.04278856632029227,15.16982723438988,69.13233573663447,0.5667528227452048,0.007725036098575381,3279.6573426267914,0.07008564542401365,0.11149284340389432,-2660.902479762321,918996000,-138999000,-709112000,,10507550000,24162366500,10488354500,28.60002857188959,208.73228456097766,87.70067563472548,12.762225012556504,1.748651392225678,4.161883558574052,-1.5258416185836072,90.5460601193321
2004-09-30,AMZN,3609.685723664887,133.64580787998608,287.903582103551,217.01184490797303,1840.3121783622482,-1779.7646814906961,4865.036171520389,-1779.7646814906961,599.4550206958853,13827871.89,-462602128.11,0.2553765100559588,0.009455116764389135,0.1185466320030863,0.157272521297044,-0.019176692489151645,-0.019176692489151645,-0.31631455451204293,-19.611757169323386,-3.9658976219297872,-5.261446130250333,3.9157869288012326,6.358389830295137,-2.9243312434039637,1.0,-20.197982024758353,1.6106060476316884,-2.0582734633367545,2.1542283044305317,,0,0.023485529667173797,0.0,0.06524687622707795,4.0611726202910665,50.91828563470511,0.6644035930645498,0.006341304979572301,2313.39728443193,0.051195817122002184,0.02747067096075053,-1560.484557685615,641761000,-137584000,-415884000,,10483382000,23935648500,10427160000,37.627214140412654,226.98134933828686,117.83427175413617,9.700425831100263,1.6080616361832174,3.097570804880779,-0.07509184178666078,70.89173719557796
2004-06-30,AMZN,3430.6242102478,189.12015113786137,353.70018224575233,318.72729655612403,1733.807452540684,-1955.637872497212,4498.005682506633,-1955.637872497212,553.3841577254148,15739209.08,-435567790.91999996,0.2057950978033473,0.01134487417296829,0.11003669761458655,0.12211065829796808,-0.01990143499844473,-0.01990143499844473,-0.3139587101657054,-39.672810904453954,-3.0451619936239824,-3.3792974864422423,4.859202238896747,8.189293333918911,-2.3874197390682017,1.0,-41.106384916659074,1.703699661921048,-2.9353291114949145,1.8702405857740585,,0,0.022949656933659426,0.0,0.03660856623819587,10.113554408541328,98.09382733507742,1.2818355370147776,0.01563566563663872,2884.724757302846,0.07870288426312778,0.04204533397398225,-1237.4579313994348,644838000,-69121000,-326918000,,10470823500,23884062000,10390597000,33.056872823624474,204.12050138823182,99.14107398009166,11.041576798491011,1.7881594328723485,3.6816224128588217,-0.09670509750170068,34.97288568962831
2004-03-31,AMZN,3792.291756496226,275.4013212998895,-621.219104826759,-644.7928592315051,1904.6022471019126,-2242.7653131520387,4136.96715583508,-2242.7653131520387,536.9131341966884,17594431.2,-506594568.79999995,0.15831441837028504,0.01149700571568969,-0.07018457684452388,-0.06761861484006594,-0.01944028639301696,-0.01944028639301696,-0.33103205138174363,-29.558000396755933,2.0208169868521826,1.946935518310844,6.316544066511227,-14.788827046594152,-1.9209557483011988,1.0,-30.584573195635684,1.6232314868387168,-4.007644873967762,-2.2556867261733373,,0,0.021979300146567876,0.0,0.0397575926297668,-26.352149689898035,160.86923157784085,1.8586145274886996,0.004644038712738075,3727.9165680942647,0.12735460952271815,0.06657082614529423,-1251.995455243816,539663000,-69121000,-332987000,,10470941500,23875281500,10389275000,30.024063138538985,177.13367934571167,87.87039926807266,12.156915548564937,2.0605906304674546,4.153844787781922,-0.12279542566709022,23.573754404745973
2003-12-31,AMZN,5.137758766370934,0.19316117448246725,0.2348463244613435,0.18933512885509082,2.9105222855935784,-2.7358127376425854,5.5249102239121255,-2.7358127376425854,0.7615943177017321,19087488000.0,18302945000.0,260.9220001640375,9.809724880407366,214.60842581036866,266.19465867094345,-18.42231352553356,-18.42231352553356,9.406520907896711,117.26417995553648,205.78748833496363,255.25339934453663,0.003832562985763239,0.003756649382045453,-2.0866889230552443,1.0,-5.026447467052786,1.4535064632342434,-2.4968087648042596,1.2158050140798862,,0,0.020706948193313503,0.0,0.03220996164258362,5.160187978649339,112.88999767927594,1.0714202831283361,0.00772906589261229,3.4482151956136025,0.08044806517311609,0.03496186664653024,-1.3762139575411914,568108000,-69639000,-341224000,,10474034500,24001405500,10395458500,24.774323507584647,197.00053985193574,70.6282395230869,14.732995631071637,1.8527868008601982,5.167904544480244,-0.0706046769300854,0.04551119560625264
2003-09-30,AMZN,2.9955006337135615,0.04109368398817068,0.09721430080270385,0.057100232361639205,1.759658850866075,-3.0577577101816646,4.435744085340093,-3.0577577101816646,0.544946134347275,21143937600.0,20713703600.0,1358.6029428773372,18.63795299244748,574.2982209305484,977.7543398843931,-18.258477384947245,-18.258477384947245,18.258710430373675,294.77726451208923,562.6124779313903,957.8591260115606,0.0007360502236820829,0.001022751788673459,-1.5109098696584038,1.0,-6.122671448291565,1.7057151496824916,-0.5222132742768941,2.365674998393626,,0,0.02551266862707765,0.0,0.03988146437787373,2.423446550816219,74.67456556082149,1.2070826750921537,0.018454660207183,1.681435964801648,0.016862509277468078,0.00926421434545406,-1.2840271176594846,583450000,-69780000,-339485000,,10459936500,23841094500,10369333500,33.420110608079995,214.70241623312734,103.94157087558256,10.921567683613643,1.7000274445150034,3.511588259878262,-0.01343915636328467,0.04011406844106464
2003-06-30,AMZN,2811.4706957413036,-110.71434961645916,322.12830022774733,303.8752834061392,1640.3125583107333,-3187.0212129654956,3896.519376417031,-3187.0212129654956,505.75758582700917,15907127.179999998,-393589872.82000005,-0.3672514009327238,0.014462181683625598,0.1262229986351806,0.13380489371903467,-0.012757994780388117,-0.012757994780388117,-0.35783760229909306,-6.470750547792063,-3.123134266647623,-3.31073301329879,-2.722930388993093,7.473568209693538,-1.2807249710467135,1.0,-6.732269095452603,1.6263062397970325,1.2603369511449938,-2.909544258207508,,0,0.023025478401908515,0.0,0.04536795474100951,17.647948466601317,154.02772720907436,2.661111889091164,0.022231778542283382,2817.6412241740445,-0.05234510012447581,-0.028413653037769417,-1164.929592585303,481870000,-72446000,-345600000,,10450187500,23814049000,10337553500,27.999399042832515,196.68755084844258,78.70498096815435,13.035994074074074,1.8557351414744618,4.637571796728933,0.03473913169013407,18.253016821608135
2003-03-31,AMZN,2788.789342694851,-26.04873102195135,-648.0191279684769,-664.475563711423,1275.9863180462294,-3317.7039231380986,4201.806244386049,-3317.7039231380986,508.7828568928376,11147241.290000001,-250431758.70999998,-1.101397222606462,0.010287618200762488,-0.04427338447545893,-0.04317690757467774,-0.00864754681691522,-0.00864754681691522,-0.23111963327331506,-4.246405404154302,0.9946372604475299,0.9700040232632002,-0.907937644543442,-23.16052853647344,-1.3233889085413912,1.0,-4.435421788893599,1.9246155409767542,0.27720413026211277,24.877186048809406,,0,0.026050265836931815,0.0,0.04300227500142151,-39.377854238348455,169.4649671567094,3.088833281201126,0.025215978087026178,1394.4513203574675,-0.010047113527121548,-0.006199412706560315,-1210.1181085136445,645917000,-73359000,-361437000,,10452457000,23788348000,10335015000,29.95093945045909,176.75658720972424,77.68479305072592,12.186596036619655,2.0649866902381535,4.6984742530197074,0.007851433288029144,16.45643574294605
2002-12-31,AMZN,3775.7656007590595,7.0064990498542405,984.7130929821362,943.7048548616011,1951.1791586386619,-3575.439458932295,5064.3905455871745,-3575.439458932295,736.9298795072457,8255880.66,-415063119.34000003,3.114251474915126,0.0057789604300683885,0.022158738576248258,0.023121635845775115,-0.0061027463198932005,-0.0061027463198932005,-0.2905363390568455,-4.592117356006462,-1.1140271441492946,-1.1624366549880554,0.3211044477476737,43.24953505323562,-1.4713397407182363,1.0,-4.683457615117385,1.5157032453436252,-0.07341863298991913,140.5428140324406,,0,0.026304589776076047,0.0,0.03731369153392024,24.012567672080433,92.0733436452694,1.2801624129930393,0.024975325666207013,750.7693030258769,0.0028675238590748857,0.0013834831628376904,-1332.2021445014443,549718000,-74271000,-374773000,,10464141000,23900564000,10349712500,28.687276443536025,206.33454997068912,67.57058615338045,12.723410698063804,1.7689717987213005,5.401758676052859,-0.0019596189867934545,41.00823812053504
2002-09-30,AMZN,2260.7020320582956,-93.15813513771896,101.19926493238866,71.05033938454021,869.8760370083173,-3926.129422886946,3776.8374034692642,-3926.129422886946,546.393176193157,7184841.119999999,-78705158.88,-0.20481303078677307,0.008439856172743065,0.18853891886218113,0.26854199663614275,-0.004859748099177578,-0.004859748099177578,-0.09245301460473934,-7.249922520265291,-2.0653185388894717,-2.9416990797981684,-4.8825018415995265,3.7238123367159446,-1.0128283953548303,1.0,-7.911753868828297,1.5746978191218541,0.9765603251489338,-1.0863169897377423,,0,0.03139672430015776,0.0,0.0502095291520998,3.3566458204879766,74.98449748965031,1.8057782084030654,-0.0009773299393045216,2868.692236067373,-0.04460794474108191,-0.0246656461970397,-1476.0996802668337,408609000,-75184000,-377798000,,,23765259500,10324257000,0.0,199.71350050068332,87.0726242733794,,1.8276180582932156,4.191903058463244,0.023727729043944323,30.14892554784844
2002-06-30,AMZN,2148.308644115255,-249.4779930399072,12.365498206642755,-7.4747663302177365,721.1776157015427,-3850.480673075641,3623.117641568554,-3850.480673075641,534.8951319350924,5538676.149999999,-28665323.849999994,-0.05920361880431413,0.006875175985749839,1.1944524800517575,-1.9759815019621831,-0.003835884725582117,-0.003835884725582117,-0.03558235593125662,-1.2773070069512518,-6.181868417080008,10.226658526578664,-16.890859379817684,-0.5060776120661975,-0.9938611174788474,1.0,-1.5241065858657874,1.579903774533255,2.6241339653866653,-0.04956548694323004,,0,0.035789251556283784,0.0,0.053235887047601925,0.623252688172043,108.28024193548387,2.818548387096774,0.0287336846221163,4649.056816984698,-0.12078913900957373,-0.0688572709253517,-1461.5421538953854,383045000,-76396000,-391470000,,,23739684000,10311897000,0.0,184.1459354008423,78.7824587445824,,1.982123576094585,4.633011025758317,0.06479138949699809,19.84026453686049
2002-03-31,AMZN,2271.7200447147825,-62.059185429629174,-646.1473711300133,-659.1596945026016,795.3467674268359,-3880.039460527409,3442.4967361961876,-3880.039460527409,529.8594486785281,6225887.390000001,-57565112.610000014,-0.2689368203023758,0.007346855982025485,-0.0258300207440475,-0.025320116110245764,-0.004301502644442526,-0.004301502644442526,-0.06792968864391061,-2.5343450123271998,0.23882668601394835,0.23411206208542953,-3.718345442158728,-39.49428966462562,-0.9409641592538216,1.0,-2.8084441313727218,1.45240399981736,0.656849392804449,10.411792656587473,,0,0.03804951960180406,0.0,0.05710287181113833,-49.65657189946436,174.5822002472188,4.313967861557479,0.012899122279100613,2327.6215302301293,-0.03284163098774574,-0.018027376693522137,-1466.8271537754235,297243000,-77770000,-407655000,,,23748808000,10317998000,0.0,183.94264268449152,81.26507095180659,,1.984314211610344,4.491474574807908,0.01599447275239658,13.012323372588337
2001-12-31,AMZN,3061.88171142552,13.967178366386518,958.5652272995599,937.8794160527826,1483.431307676045,-3953.7520832704117,4277.185477648945,-3953.7520832704117,740.7079961890223,5062532.9,-230155467.10000002,0.9951902693139375,0.004539692029294162,0.014500838966544456,0.014820668587120082,-0.0035156478472222223,-0.0035156478472222223,-0.20638580728874767,-6.470130077026876,-0.6592445780820348,-0.6737848363223318,1.00483297599903,67.47333928437284,-1.1371854166666666,1.0,-6.612447992803329,1.3109416614030176,-0.14414848398979882,68.6298407705917,,0,0.030892123270780895,0.0,0.048700281579704276,46.33926201221131,148.01844969471728,2.7936023360764533,0.0017369533461684351,1114.6802737462333,0.007103429111631499,0.0032655068243764595,-1562.558516903663,286506000,-79749000,-429627000,,,23813874000,10320361000,0.0,192.995807980293,62.367326024048836,,1.891232788005792,5.852423428563477,-0.003532638888888889,20.68581124677728
2001-09-30,AMZN,1767.0337385497344,-469.5479598211077,-1302.9586878285818,-1392.4103465622943,1194.9378354920918,-4018.9782797375215,3414.5065260294873,-4018.9782797375215,575.4376945232211,2322640.44,-186755359.56,-0.013672724725384697,0.0036332073689035026,-0.004927247548192886,-0.0046107097780839264,-0.0015974209247080799,-0.0015974209247080799,-0.29213344297734484,6.799510651714847,0.3961826685080412,0.37073097824511814,-73.13831149861491,-216.88634681655677,-0.9259790618118094,1.0,6.88407485618583,1.3853530256384134,4.847172287850254,2.7749214123409116,,0,0.050896241246024834,0.0,0.08248933426819413,-14.566065138124962,19.75406340770039,1.3246400098881403,0.0005459258135311389,6516.119908800191,-0.23653731010763468,-0.1375156135276494,-1694.1099888883361,242078000,-111061000,-476092000,,,23709996000,10313869500,0.0,181.3122499156342,100.02271064727964,,2.0131017080745344,3.6491712495888757,0.11683266918570503,89.45165873371256
2001-06-30,AMZN,1861.7800025097952,-469.4962283355875,1141.870355136017,1167.0017707999275,1291.0079616280204,-3987.593245862324,3324.4774745883237,-3987.593245862324,574.4670171084371,4500367.25,-217299632.75,-0.026730779168324833,0.006740860887474256,0.010990739836226919,0.010754053947491045,-0.003147261825920272,-0.003147261825920272,-0.325481569369032,1.5289977606794307,-0.5306864078843575,-0.5192580612978845,-37.410058034708165,92.98818890836075,-0.9406300024266905,1.0,1.5606639506329203,1.2485452918672097,4.790002276089678,-2.4321182710754994,,0,0.05191237595955814,0.0,0.11367353736256873,-45.43597425654683,-74.0817798490901,0.2528850421660009,-0.0008462834675154466,6490.269621059555,-0.2416187808196373,-0.14122406661628112,-1872.7241037939737,161117000,-152895000,-535679000,,,23720488000,10313017500,0.0,192.990930611492,96.53062583904654,,1.8912805842403944,3.781183399852753,0.11773924755809896,-25.13141566391054
